Project ID,Project Name,Project Type,Project Start Date,Planned End Date,Actual End Date,Current Date,Planned Duration (Days),Actual Duration (Days),Current Project Phase,Project Status,Delay Factor
PRJ_001,Construction Project 1,Industrial,2023-01-01,2023-01-31,2023-01-16,2023-01-22,30,15,Planning,In Progress,0.5
PRJ_002,Construction Project 2,Commercial,2023-01-01,2023-01-31,2023-01-16,2023-01-22,30,15,Planning,In Progress,0.5
PRJ_003,Construction Project 3,Institutional,2023-01-01,2023-01-31,2023-01-16,2023-01-22,30,15,Excavation,In Progress,0.5
PRJ_004,Construction Project 4,Institutional,2023-01-01,2023-01-31,2023-01-25,2023-01-22,30,24,Excavation,In Progress,0.8
PRJ_005,Construction Project 5,Residential,2023-01-01,2023-01-31,2023-02-21,2023-01-22,30,51,Excavation,In Progress,1.7
PRJ_006,Construction Project 6,Industrial,2023-01-01,2023-01-31,2023-02-13,2023-01-22,30,43,Foundation,In Progress,1.4333333333333333
PRJ_007,Construction Project 7,Residential,2023-01-01,2023-01-31,2023-02-06,2023-01-22,30,36,Foundation,In Progress,1.2
PRJ_008,Construction Project 8,Commercial,2023-01-01,2023-01-31,2023-01-16,2023-01-22,30,15,Structural,In Progress,0.5
PRJ_009,Construction Project 9,Institutional,2023-01-01,2023-01-31,2023-04-19,2023-01-22,30,108,Structural,In Progress,3.6
PRJ_010,Construction Project 10,Residential,2023-01-01,2023-01-31,2023-02-06,2023-01-22,30,36,MEP,In Progress,1.2
PRJ_011,Construction Project 11,Residential,2023-01-01,2023-01-31,2023-01-16,2023-01-22,30,15,MEP,In Progress,0.5
PRJ_012,Construction Project 12,Commercial,2023-01-01,2023-01-31,2023-02-19,2023-01-22,30,49,Finishing,In Progress,1.6333333333333333
PRJ_013,Construction Project 13,Institutional,2023-01-01,2023-01-31,2023-03-05,2023-01-22,30,63,Finishing,In Progress,2.1
PRJ_014,Construction Project 14,Institutional,2023-01-01,2023-01-31,2023-03-14,2023-01-22,30,72,Commissioning,In Progress,2.4
PRJ_015,Construction Project 15,Institutional,2023-01-01,2023-01-31,2023-01-16,2023-01-22,30,15,Commissioning,In Progress,0.5
PRJ_016,Construction Project 16,Institutional,2023-01-02,2023-02-01,2023-03-13,2023-01-22,30,70,Commissioning,In Progress,2.333333333333333
PRJ_017,Construction Project 17,Industrial,2023-01-02,2023-02-01,2023-04-17,2023-01-22,30,105,Handover,In Progress,3.5
PRJ_018,Construction Project 18,Industrial,2023-01-02,2023-02-01,2023-01-17,2023-01-22,30,15,Handover,In Progress,0.5
PRJ_019,Construction Project 19,Industrial,2023-01-02,2023-02-01,2023-01-17,2023-01-22,30,15,Handover,Completed,0.5
PRJ_020,Construction Project 20,Commercial,2023-01-02,2023-02-01,2023-01-29,2023-01-22,30,27,Handover,Completed,0.9
PRJ_021,Construction Project 21,Infrastructure,2023-01-02,2023-02-01,2023-01-17,2023-01-22,30,15,Handover,Completed,0.5
PRJ_022,Construction Project 22,Commercial,2023-01-02,2023-02-01,2023-01-17,2023-01-22,30,15,Handover,Completed,0.5
PRJ_023,Construction Project 23,Commercial,2023-01-02,2023-02-01,2023-02-26,2023-01-22,30,55,Handover,Completed,1.8333333333333335
PRJ_024,Construction Project 24,Industrial,2023-01-02,2023-02-01,2023-01-17,2023-01-22,30,15,Handover,Completed,0.5
PRJ_025,Construction Project 25,Industrial,2023-01-02,2023-02-01,2023-01-17,2023-01-22,30,15,Handover,Completed,0.5
PRJ_026,Construction Project 26,Institutional,2023-01-02,2023-02-01,2023-01-17,2023-01-22,30,15,Handover,Completed,0.5
PRJ_027,Construction Project 27,Residential,2023-01-02,2023-02-01,2023-03-09,2023-01-22,30,66,Handover,Completed,2.2
PRJ_028,Construction Project 28,Infrastructure,2023-01-02,2023-02-01,2023-02-25,2023-01-22,30,54,Handover,Completed,1.8
PRJ_029,Construction Project 29,Institutional,2023-01-02,2023-02-01,2023-03-09,2023-01-22,30,66,Handover,Completed,2.2
PRJ_030,Construction Project 30,Institutional,2023-01-03,2023-02-02,2023-01-18,2023-01-22,30,15,Handover,Completed,0.5
PRJ_031,Construction Project 31,Institutional,2023-01-03,2023-02-02,2023-03-31,2023-01-22,30,87,Handover,Completed,2.9
PRJ_032,Construction Project 32,Infrastructure,2023-01-03,2023-02-02,2023-03-01,2023-01-22,30,57,Handover,Completed,1.9
PRJ_033,Construction Project 33,Institutional,2023-01-03,2023-02-02,2023-01-30,2023-01-22,30,27,Handover,Completed,0.9
PRJ_034,Construction Project 34,Industrial,2023-01-03,2023-02-02,2023-02-08,2023-01-22,30,36,Handover,Completed,1.2
PRJ_035,Construction Project 35,Institutional,2023-01-03,2023-02-02,2023-01-18,2023-01-22,30,15,Handover,Completed,0.5
PRJ_036,Construction Project 36,Residential,2023-01-03,2023-02-02,2023-02-11,2023-01-22,30,39,Handover,Completed,1.3
PRJ_037,Construction Project 37,Infrastructure,2023-01-03,2023-02-02,2023-02-12,2023-01-22,30,40,Handover,Completed,1.3333333333333333
PRJ_038,Construction Project 38,Infrastructure,2023-01-03,2023-02-02,2023-01-18,2023-01-22,30,15,Handover,Completed,0.5
PRJ_039,Construction Project 39,Industrial,2023-01-03,2023-02-02,2023-02-06,2023-01-22,30,34,Handover,Completed,1.1333333333333333
PRJ_040,Construction Project 40,Industrial,2023-01-03,2023-02-02,2023-01-18,2023-01-22,30,15,Handover,Completed,0.5
PRJ_041,Construction Project 41,Industrial,2023-01-03,2023-02-02,2023-01-18,2023-01-22,30,15,Handover,Completed,0.5
PRJ_042,Construction Project 42,Infrastructure,2023-01-03,2023-02-02,2023-01-18,2023-01-22,30,15,Handover,Completed,0.5
PRJ_043,Construction Project 43,Institutional,2023-01-03,2023-02-02,2023-03-16,2023-01-22,30,72,Handover,Completed,2.4
PRJ_044,Construction Project 44,Commercial,2023-01-03,2023-02-02,2023-01-18,2023-01-22,30,15,Handover,Completed,0.5
PRJ_045,Construction Project 45,Industrial,2023-01-04,2023-02-03,2023-01-21,2023-01-22,30,17,Handover,Completed,0.5666666666666667
PRJ_046,Construction Project 46,Institutional,2023-01-04,2023-02-03,2023-01-21,2023-01-22,30,17,Handover,Completed,0.5666666666666667
PRJ_047,Construction Project 47,Infrastructure,2023-01-04,2023-02-03,2023-04-02,2023-01-22,30,88,Handover,Completed,2.9333333333333336
PRJ_048,Construction Project 48,Institutional,2023-01-04,2023-02-03,2023-02-04,2023-01-22,30,31,Handover,Completed,1.0333333333333334
PRJ_049,Construction Project 49,Commercial,2023-01-04,2023-02-03,2023-02-03,2023-01-22,30,30,Handover,Completed,1.0
PRJ_050,Construction Project 50,Commercial,2023-01-04,2023-02-03,2023-03-23,2023-01-22,30,78,Handover,Completed,2.6
PRJ_051,Construction Project 51,Industrial,2023-01-04,2023-02-03,2023-01-19,2023-01-22,30,15,Handover,Completed,0.5
PRJ_052,Construction Project 52,Industrial,2023-01-04,2023-02-03,2023-01-19,2023-01-22,30,15,Handover,Completed,0.5
PRJ_053,Construction Project 53,Commercial,2023-01-04,2023-02-03,2023-01-19,2023-01-22,30,15,Handover,Completed,0.5
PRJ_054,Construction Project 54,Residential,2023-01-04,2023-02-03,2023-01-19,2023-01-22,30,15,Handover,Completed,0.5
PRJ_055,Construction Project 55,Residential,2023-01-04,2023-02-03,2023-01-19,2023-01-22,30,15,Handover,Completed,0.5
PRJ_056,Construction Project 56,Institutional,2023-01-04,2023-02-03,2023-01-28,2023-01-22,30,24,Handover,Completed,0.8
PRJ_057,Construction Project 57,Residential,2023-01-04,2023-02-03,2023-03-30,2023-01-22,30,85,Handover,Completed,2.833333333333333
PRJ_058,Construction Project 58,Commercial,2023-01-04,2023-02-03,2023-01-19,2023-01-22,30,15,Handover,Completed,0.5
PRJ_059,Construction Project 59,Industrial,2023-01-05,2023-02-04,2023-01-20,2023-01-22,30,15,Handover,Completed,0.5
PRJ_060,Construction Project 60,Institutional,2023-01-05,2023-02-04,2023-01-20,2023-01-22,30,15,Handover,Completed,0.5
PRJ_061,Construction Project 61,Residential,2023-01-05,2023-02-04,2023-04-12,2023-01-22,30,97,Handover,Completed,3.2333333333333334
PRJ_062,Construction Project 62,Commercial,2023-01-05,2023-02-04,2023-03-22,2023-01-22,30,76,Handover,Completed,2.533333333333333
PRJ_063,Construction Project 63,Infrastructure,2023-01-05,2023-02-04,2023-02-26,2023-01-22,30,52,Handover,Completed,1.7333333333333334
PRJ_064,Construction Project 64,Institutional,2023-01-05,2023-02-04,2023-01-20,2023-01-22,30,15,Handover,Completed,0.5
PRJ_065,Construction Project 65,Industrial,2023-01-05,2023-02-04,2023-03-31,2023-01-22,30,85,Handover,Completed,2.833333333333333
PRJ_066,Construction Project 66,Infrastructure,2023-01-05,2023-02-04,2023-01-26,2023-01-22,30,21,Handover,Completed,0.7
PRJ_067,Construction Project 67,Industrial,2023-01-05,2023-02-04,2023-03-19,2023-01-22,30,73,Handover,Completed,2.4333333333333336
PRJ_068,Construction Project 68,Institutional,2023-01-05,2023-02-04,2023-02-23,2023-01-22,30,49,Handover,Completed,1.6333333333333333
PRJ_069,Construction Project 69,Residential,2023-01-05,2023-02-04,2023-04-26,2023-01-22,30,111,Handover,Completed,3.7
PRJ_070,Construction Project 70,Infrastructure,2023-01-05,2023-02-04,2023-01-20,2023-01-22,30,15,Handover,Completed,0.5
PRJ_071,Construction Project 71,Industrial,2023-01-05,2023-02-04,2023-02-19,2023-01-22,30,45,Handover,Completed,1.5
PRJ_072,Construction Project 72,Institutional,2023-01-05,2023-02-04,2023-01-26,2023-01-22,30,21,Handover,Completed,0.7
PRJ_073,Construction Project 73,Institutional,2023-01-06,2023-02-05,2023-02-06,2023-01-22,30,31,Handover,Completed,1.0333333333333334
PRJ_074,Construction Project 74,Commercial,2023-01-06,2023-02-05,2023-01-21,2023-01-22,30,15,Handover,Completed,0.5
PRJ_075,Construction Project 75,Commercial,2023-01-06,2023-02-05,2023-02-17,2023-01-22,30,42,Handover,Completed,1.4
PRJ_076,Construction Project 76,Industrial,2023-01-06,2023-02-05,2023-02-02,2023-01-22,30,27,Handover,Completed,0.9
PRJ_077,Construction Project 77,Commercial,2023-01-06,2023-02-05,2023-01-21,2023-01-22,30,15,Handover,Completed,0.5
PRJ_078,Construction Project 78,Industrial,2023-01-06,2023-02-05,2023-02-06,2023-01-22,30,31,Handover,Completed,1.0333333333333334
PRJ_079,Construction Project 79,Residential,2023-01-06,2023-02-05,2023-01-21,2023-01-22,30,15,Handover,Completed,0.5
PRJ_080,Construction Project 80,Industrial,2023-01-06,2023-02-05,2023-02-24,2023-01-22,30,49,Handover,Completed,1.6333333333333333
PRJ_081,Construction Project 81,Industrial,2023-01-06,2023-02-05,2023-02-24,2023-01-22,30,49,Handover,Completed,1.6333333333333333
PRJ_082,Construction Project 82,Infrastructure,2023-01-06,2023-02-05,2023-01-21,2023-01-22,30,15,Handover,Completed,0.5
PRJ_083,Construction Project 83,Infrastructure,2023-01-06,2023-02-05,2023-02-12,2023-01-22,30,37,Handover,Completed,1.2333333333333334
PRJ_084,Construction Project 84,Commercial,2023-01-06,2023-02-05,2023-02-09,2023-01-22,30,34,Handover,Completed,1.1333333333333333
PRJ_085,Construction Project 85,Industrial,2023-01-06,2023-02-05,2023-01-21,2023-01-22,30,15,Handover,Completed,0.5
PRJ_086,Construction Project 86,Industrial,2023-01-06,2023-02-05,2023-01-21,2023-01-22,30,15,Handover,Completed,0.5
PRJ_087,Construction Project 87,Commercial,2023-01-06,2023-02-05,2023-04-15,2023-01-22,30,99,Handover,Completed,3.3
PRJ_088,Construction Project 88,Infrastructure,2023-01-07,2023-02-06,2023-01-22,2023-01-22,30,15,Handover,Completed,0.5
PRJ_089,Construction Project 89,Infrastructure,2023-01-07,2023-02-06,2023-01-22,2023-01-22,30,15,Handover,Completed,0.5
PRJ_090,Construction Project 90,Infrastructure,2023-01-07,2023-02-06,2023-04-13,2023-01-22,30,96,Handover,Completed,3.2
PRJ_091,Construction Project 91,Residential,2023-01-07,2023-02-06,2023-01-22,2023-01-22,30,15,Handover,Completed,0.5
PRJ_092,Construction Project 92,Commercial,2023-01-07,2023-02-06,2023-02-22,2023-01-22,30,46,Handover,Completed,1.5333333333333332
PRJ_093,Construction Project 93,Industrial,2023-01-07,2023-02-06,2023-01-22,2023-01-22,30,15,Handover,Completed,0.5
PRJ_094,Construction Project 94,Residential,2023-01-07,2023-02-06,2023-05-02,2023-01-22,30,115,Handover,Completed,3.8333333333333335
PRJ_095,Construction Project 95,Infrastructure,2023-01-07,2023-02-06,2023-05-02,2023-01-22,30,115,Handover,Completed,3.8333333333333335
PRJ_096,Construction Project 96,Commercial,2023-01-07,2023-02-06,2023-03-09,2023-01-22,30,61,Handover,Completed,2.033333333333333
PRJ_097,Construction Project 97,Commercial,2023-01-07,2023-02-06,2023-01-27,2023-01-22,30,20,Handover,Completed,0.6666666666666667
PRJ_098,Construction Project 98,Residential,2023-01-07,2023-02-06,2023-03-12,2023-01-22,30,64,Handover,Completed,2.1333333333333333
PRJ_099,Construction Project 99,Commercial,2023-01-07,2023-02-06,2023-01-22,2023-01-22,30,15,Handover,Completed,0.5
PRJ_100,Construction Project 100,Commercial,2023-01-07,2023-02-06,2023-03-02,2023-01-22,30,54,Handover,Completed,1.8
PRJ_101,Construction Project 101,Residential,2023-01-07,2023-02-06,2023-03-20,2023-01-22,30,72,Handover,Completed,2.4
PRJ_102,Construction Project 102,Residential,2023-01-08,2023-02-07,2023-02-04,2023-01-22,30,27,Handover,Completed,0.9
PRJ_103,Construction Project 103,Industrial,2023-01-08,2023-02-07,2023-03-09,2023-01-22,30,60,Handover,Completed,2.0
PRJ_104,Construction Project 104,Residential,2023-01-08,2023-02-07,2023-03-15,2023-01-22,30,66,Handover,Completed,2.2
PRJ_105,Construction Project 105,Institutional,2023-01-08,2023-02-07,2023-01-28,2023-01-22,30,20,Handover,Completed,0.6666666666666667
PRJ_106,Construction Project 106,Infrastructure,2023-01-08,2023-02-07,2023-02-16,2023-01-22,30,39,Handover,Completed,1.3
PRJ_107,Construction Project 107,Institutional,2023-01-08,2023-02-07,2023-01-23,2023-01-22,30,15,Handover,Completed,0.5
PRJ_108,Construction Project 108,Industrial,2023-01-08,2023-02-07,2023-03-19,2023-01-22,30,70,Handover,Completed,2.333333333333333
PRJ_109,Construction Project 109,Residential,2023-01-08,2023-02-07,2023-01-23,2023-01-22,30,15,Handover,Completed,0.5
PRJ_110,Construction Project 110,Residential,2023-01-08,2023-02-07,2023-01-23,2023-01-22,30,15,Handover,Completed,0.5
PRJ_111,Construction Project 111,Infrastructure,2023-01-08,2023-02-07,2023-03-03,2023-01-22,30,54,Handover,Completed,1.8
PRJ_112,Construction Project 112,Infrastructure,2023-01-08,2023-02-07,2023-04-29,2023-01-22,30,111,Handover,Completed,3.7
PRJ_113,Construction Project 113,Commercial,2023-01-08,2023-02-07,2023-01-23,2023-01-22,30,15,Handover,Completed,0.5
PRJ_114,Construction Project 114,Commercial,2023-01-08,2023-02-07,2023-01-23,2023-01-22,30,15,Handover,Completed,0.5
PRJ_115,Construction Project 115,Residential,2023-01-08,2023-02-07,2023-04-11,2023-01-22,30,93,Handover,Completed,3.1
PRJ_116,Construction Project 116,Infrastructure,2023-01-08,2023-02-07,2023-02-22,2023-01-22,30,45,Handover,Completed,1.5
PRJ_117,Construction Project 117,Industrial,2023-01-09,2023-02-08,2023-01-24,2023-01-22,30,15,Handover,Completed,0.5
PRJ_118,Construction Project 118,Industrial,2023-01-09,2023-02-08,2023-01-24,2023-01-22,30,15,Handover,Completed,0.5
PRJ_119,Construction Project 119,Industrial,2023-01-09,2023-02-08,2023-02-08,2023-01-22,30,30,Handover,Completed,1.0
PRJ_120,Construction Project 120,Commercial,2023-01-09,2023-02-08,2023-01-24,2023-01-22,30,15,Handover,Completed,0.5
PRJ_121,Construction Project 121,Commercial,2023-01-09,2023-02-08,2023-02-02,2023-01-22,30,24,Handover,Completed,0.8
PRJ_122,Construction Project 122,Infrastructure,2023-01-09,2023-02-08,2023-01-24,2023-01-22,30,15,Handover,Completed,0.5
PRJ_123,Construction Project 123,Commercial,2023-01-09,2023-02-08,2023-03-22,2023-01-22,30,72,Handover,Completed,2.4
PRJ_124,Construction Project 124,Commercial,2023-01-09,2023-02-08,2023-01-24,2023-01-22,30,15,Handover,Completed,0.5
PRJ_125,Construction Project 125,Residential,2023-01-09,2023-02-08,2023-01-27,2023-01-22,30,18,Handover,Completed,0.6
PRJ_126,Construction Project 126,Institutional,2023-01-09,2023-02-08,2023-04-03,2023-01-22,30,84,Handover,Completed,2.8
PRJ_127,Construction Project 127,Institutional,2023-01-09,2023-02-08,2023-01-24,2023-01-22,30,15,Handover,Completed,0.5
PRJ_128,Construction Project 128,Institutional,2023-01-09,2023-02-08,2023-03-17,2023-01-22,30,67,Handover,Completed,2.2333333333333334
PRJ_129,Construction Project 129,Commercial,2023-01-09,2023-02-08,2023-03-29,2023-01-22,30,79,Handover,Completed,2.6333333333333333
PRJ_130,Construction Project 130,Infrastructure,2023-01-09,2023-02-08,2023-01-24,2023-01-22,30,15,Handover,Completed,0.5
PRJ_131,Construction Project 131,Infrastructure,2023-01-10,2023-02-09,2023-01-25,2023-01-22,30,15,Handover,Completed,0.5
PRJ_132,Construction Project 132,Residential,2023-01-10,2023-02-09,2023-01-28,2023-01-22,30,18,Handover,Completed,0.6
PRJ_133,Construction Project 133,Residential,2023-01-10,2023-02-09,2023-01-25,2023-01-22,30,15,Handover,Completed,0.5
PRJ_134,Construction Project 134,Industrial,2023-01-10,2023-02-09,2023-02-21,2023-01-22,30,42,Handover,Completed,1.4
PRJ_135,Construction Project 135,Institutional,2023-01-10,2023-02-09,2023-01-25,2023-01-22,30,15,Handover,Completed,0.5
PRJ_136,Construction Project 136,Commercial,2023-01-10,2023-02-09,2023-01-28,2023-01-22,30,18,Handover,Completed,0.6
PRJ_137,Construction Project 137,Institutional,2023-01-10,2023-02-09,2023-05-01,2023-01-22,30,111,Handover,Completed,3.7
PRJ_138,Construction Project 138,Industrial,2023-01-10,2023-02-09,2023-03-12,2023-01-22,30,61,Handover,Completed,2.033333333333333
PRJ_139,Construction Project 139,Infrastructure,2023-01-10,2023-02-09,2023-03-11,2023-01-22,30,60,Handover,Completed,2.0
PRJ_140,Construction Project 140,Institutional,2023-01-10,2023-02-09,2023-05-05,2023-01-22,30,115,Handover,Completed,3.8333333333333335
PRJ_141,Construction Project 141,Residential,2023-01-10,2023-02-09,2023-02-10,2023-01-22,30,31,Handover,Completed,1.0333333333333334
PRJ_142,Construction Project 142,Infrastructure,2023-01-10,2023-02-09,2023-04-07,2023-01-22,30,87,Handover,Completed,2.9
PRJ_143,Construction Project 143,Industrial,2023-01-10,2023-02-09,2023-01-25,2023-01-22,30,15,Handover,Completed,0.5
PRJ_144,Construction Project 144,Industrial,2023-01-10,2023-02-09,2023-03-18,2023-01-22,30,67,Handover,Completed,2.2333333333333334
PRJ_145,Construction Project 145,Commercial,2023-01-11,2023-02-10,2023-01-31,2023-01-22,30,20,Handover,Completed,0.6666666666666667
PRJ_146,Construction Project 146,Institutional,2023-01-11,2023-02-10,2023-04-14,2023-01-22,30,93,Handover,Completed,3.1
PRJ_147,Construction Project 147,Infrastructure,2023-01-11,2023-02-10,2023-01-26,2023-01-22,30,15,Handover,Completed,0.5
PRJ_148,Construction Project 148,Commercial,2023-01-11,2023-02-10,2023-01-26,2023-01-22,30,15,Handover,Completed,0.5
PRJ_149,Construction Project 149,Infrastructure,2023-01-11,2023-02-10,2023-02-11,2023-01-22,30,31,Handover,Completed,1.0333333333333334
PRJ_150,Construction Project 150,Residential,2023-01-11,2023-02-10,2023-03-09,2023-01-22,30,57,Handover,Completed,1.9
PRJ_151,Construction Project 151,Industrial,2023-01-11,2023-02-10,2023-01-26,2023-01-22,30,15,Handover,Completed,0.5
PRJ_152,Construction Project 152,Residential,2023-01-11,2023-02-10,2023-03-07,2023-01-22,30,55,Handover,Completed,1.8333333333333335
PRJ_153,Construction Project 153,Residential,2023-01-11,2023-02-10,2023-01-26,2023-01-22,30,15,Handover,Completed,0.5
PRJ_154,Construction Project 154,Industrial,2023-01-11,2023-02-10,2023-01-26,2023-01-22,30,15,Handover,Completed,0.5
PRJ_155,Construction Project 155,Industrial,2023-01-11,2023-02-10,2023-02-16,2023-01-22,30,36,Handover,Completed,1.2
PRJ_156,Construction Project 156,Residential,2023-01-11,2023-02-10,2023-02-28,2023-01-22,30,48,Handover,Completed,1.6
PRJ_157,Construction Project 157,Infrastructure,2023-01-11,2023-02-10,2023-01-26,2023-01-22,30,15,Handover,Completed,0.5
PRJ_158,Construction Project 158,Infrastructure,2023-01-11,2023-02-10,2023-05-06,2023-01-22,30,115,Handover,Completed,3.8333333333333335
PRJ_159,Construction Project 159,Residential,2023-01-11,2023-02-10,2023-05-06,2023-01-22,30,115,Handover,Completed,3.8333333333333335
PRJ_160,Construction Project 160,Residential,2023-01-12,2023-02-11,2023-04-12,2023-01-22,30,90,Handover,Completed,3.0
PRJ_161,Construction Project 161,Institutional,2023-01-12,2023-02-11,2023-04-12,2023-01-22,30,90,Handover,Completed,3.0
PRJ_162,Construction Project 162,Residential,2023-01-12,2023-02-11,2023-02-20,2023-01-22,30,39,Handover,Completed,1.3
PRJ_163,Construction Project 163,Industrial,2023-01-12,2023-02-11,2023-01-27,2023-01-22,30,15,Handover,Completed,0.5
PRJ_164,Construction Project 164,Industrial,2023-01-12,2023-02-11,2023-03-20,2023-01-22,30,67,Handover,Completed,2.2333333333333334
PRJ_165,Construction Project 165,Residential,2023-01-12,2023-02-11,2023-02-26,2023-01-22,30,45,Handover,Completed,1.5
PRJ_166,Construction Project 166,Commercial,2023-01-12,2023-02-11,2023-02-05,2023-01-22,30,24,Handover,Completed,0.8
PRJ_167,Construction Project 167,Industrial,2023-01-12,2023-02-11,2023-01-30,2023-01-22,30,18,Handover,Completed,0.6
PRJ_168,Construction Project 168,Industrial,2023-01-12,2023-02-11,2023-04-01,2023-01-22,30,79,Handover,Completed,2.6333333333333333
PRJ_169,Construction Project 169,Commercial,2023-01-12,2023-02-11,2023-03-13,2023-01-22,30,60,Handover,Completed,2.0
PRJ_170,Construction Project 170,Residential,2023-01-12,2023-02-11,2023-01-27,2023-01-22,30,15,Handover,Completed,0.5
PRJ_171,Construction Project 171,Institutional,2023-01-12,2023-02-11,2023-04-28,2023-01-22,30,106,Handover,Completed,3.533333333333333
PRJ_172,Construction Project 172,Commercial,2023-01-12,2023-02-11,2023-02-24,2023-01-22,30,43,Handover,Completed,1.4333333333333333
PRJ_173,Construction Project 173,Institutional,2023-01-12,2023-02-11,2023-01-29,2023-01-22,30,17,Handover,Completed,0.5666666666666667
PRJ_174,Construction Project 174,Commercial,2023-01-13,2023-02-12,2023-05-08,2023-01-22,30,115,Handover,Completed,3.8333333333333335
PRJ_175,Construction Project 175,Residential,2023-01-13,2023-02-12,2023-03-02,2023-01-22,30,48,Handover,Completed,1.6
PRJ_176,Construction Project 176,Infrastructure,2023-01-13,2023-02-12,2023-03-06,2023-01-22,30,52,Handover,Completed,1.7333333333333334
PRJ_177,Construction Project 177,Commercial,2023-01-13,2023-02-12,2023-01-28,2023-01-22,30,15,Handover,Completed,0.5
PRJ_178,Construction Project 178,Industrial,2023-01-13,2023-02-12,2023-03-12,2023-01-22,30,58,Handover,Completed,1.9333333333333333
PRJ_179,Construction Project 179,Residential,2023-01-13,2023-02-12,2023-03-24,2023-01-22,30,70,Handover,Completed,2.333333333333333
PRJ_180,Construction Project 180,Residential,2023-01-13,2023-02-12,2023-02-24,2023-01-22,30,42,Handover,Completed,1.4
PRJ_181,Construction Project 181,Institutional,2023-01-13,2023-02-12,2023-01-28,2023-01-22,30,15,Handover,Completed,0.5
PRJ_182,Construction Project 182,Commercial,2023-01-13,2023-02-12,2023-02-03,2023-01-22,30,21,Handover,Completed,0.7
PRJ_183,Construction Project 183,Industrial,2023-01-13,2023-02-12,2023-01-28,2023-01-22,30,15,Handover,Completed,0.5
PRJ_184,Construction Project 184,Industrial,2023-01-13,2023-02-12,2023-02-15,2023-01-22,30,33,Handover,Completed,1.1
PRJ_185,Construction Project 185,Residential,2023-01-13,2023-02-12,2023-01-28,2023-01-22,30,15,Handover,Completed,0.5
PRJ_186,Construction Project 186,Residential,2023-01-13,2023-02-12,2023-05-01,2023-01-22,30,108,Handover,Completed,3.6
PRJ_187,Construction Project 187,Institutional,2023-01-13,2023-02-12,2023-03-11,2023-01-22,30,57,Handover,Completed,1.9
PRJ_188,Construction Project 188,Institutional,2023-01-13,2023-02-12,2023-01-28,2023-01-22,30,15,Handover,Completed,0.5
PRJ_189,Construction Project 189,Commercial,2023-01-14,2023-02-13,2023-02-12,2023-01-22,30,29,Handover,Completed,0.9666666666666667
PRJ_190,Construction Project 190,Infrastructure,2023-01-14,2023-02-13,2023-02-12,2023-01-22,30,29,Handover,Completed,0.9666666666666667
PRJ_191,Construction Project 191,Infrastructure,2023-01-14,2023-02-13,2023-02-10,2023-01-22,30,27,Handover,Completed,0.9
PRJ_192,Construction Project 192,Institutional,2023-01-14,2023-02-13,2023-01-29,2023-01-22,30,15,Handover,Completed,0.5
PRJ_193,Construction Project 193,Residential,2023-01-14,2023-02-13,2023-04-20,2023-01-22,30,96,Handover,Completed,3.2
PRJ_194,Construction Project 194,Institutional,2023-01-14,2023-02-13,2023-03-19,2023-01-22,30,64,Handover,Completed,2.1333333333333333
PRJ_195,Construction Project 195,Institutional,2023-01-14,2023-02-13,2023-01-29,2023-01-22,30,15,Handover,Completed,0.5
PRJ_196,Construction Project 196,Infrastructure,2023-01-14,2023-02-13,2023-01-29,2023-01-22,30,15,Handover,Completed,0.5
PRJ_197,Construction Project 197,Residential,2023-01-14,2023-02-13,2023-03-27,2023-01-22,30,72,Handover,Completed,2.4
PRJ_198,Construction Project 198,Industrial,2023-01-14,2023-02-13,2023-03-03,2023-01-22,30,48,Handover,Completed,1.6
PRJ_199,Construction Project 199,Residential,2023-01-14,2023-02-13,2023-02-22,2023-01-22,30,39,Handover,Completed,1.3
PRJ_200,Construction Project 200,Industrial,2023-01-14,2023-02-13,2023-01-29,2023-01-22,30,15,Handover,Completed,0.5
PRJ_201,Construction Project 201,Residential,2023-01-14,2023-02-13,2023-04-24,2023-01-22,30,100,Handover,Completed,3.3333333333333335
PRJ_202,Construction Project 202,Commercial,2023-01-14,2023-02-13,2023-02-23,2023-01-22,30,40,Handover,Completed,1.3333333333333333
PRJ_203,Construction Project 203,Industrial,2023-01-15,2023-02-14,2023-01-30,2023-01-22,30,15,Handover,Completed,0.5
PRJ_204,Construction Project 204,Residential,2023-01-15,2023-02-14,2023-03-04,2023-01-22,30,48,Handover,Completed,1.6
PRJ_205,Construction Project 205,Infrastructure,2023-01-15,2023-02-14,2023-01-30,2023-01-22,30,15,Handover,Completed,0.5
PRJ_206,Construction Project 206,Commercial,2023-01-15,2023-02-14,2023-01-30,2023-01-22,30,15,Handover,Completed,0.5
PRJ_207,Construction Project 207,Residential,2023-01-15,2023-02-14,2023-02-11,2023-01-22,30,27,Handover,Completed,0.9
PRJ_208,Construction Project 208,Institutional,2023-01-15,2023-02-14,2023-04-16,2023-01-22,30,91,Handover,Completed,3.033333333333333
PRJ_209,Construction Project 209,Institutional,2023-01-15,2023-02-14,2023-01-30,2023-01-22,30,15,Handover,Completed,0.5
PRJ_210,Construction Project 210,Residential,2023-01-15,2023-02-14,2023-01-30,2023-01-22,30,15,Handover,Completed,0.5
PRJ_211,Construction Project 211,Residential,2023-01-15,2023-02-14,2023-01-30,2023-01-22,30,15,Handover,Completed,0.5
PRJ_212,Construction Project 212,Commercial,2023-01-15,2023-02-14,2023-04-15,2023-01-22,30,90,Handover,Completed,3.0
PRJ_213,Construction Project 213,Institutional,2023-01-15,2023-02-14,2023-04-04,2023-01-22,30,79,Handover,Completed,2.6333333333333333
PRJ_214,Construction Project 214,Industrial,2023-01-15,2023-02-14,2023-02-07,2023-01-22,30,23,Handover,Completed,0.7666666666666666
PRJ_215,Construction Project 215,Infrastructure,2023-01-15,2023-02-14,2023-03-05,2023-01-22,30,49,Handover,Completed,1.6333333333333333
PRJ_216,Construction Project 216,Commercial,2023-01-15,2023-02-14,2023-02-24,2023-01-22,30,40,Handover,Completed,1.3333333333333333
PRJ_217,Construction Project 217,Institutional,2023-01-16,2023-02-15,2023-04-17,2023-01-22,30,91,Handover,Completed,3.033333333333333
PRJ_218,Construction Project 218,Residential,2023-01-16,2023-02-15,2023-01-31,2023-01-22,30,15,Handover,Completed,0.5
PRJ_219,Construction Project 219,Infrastructure,2023-01-16,2023-02-15,2023-02-06,2023-01-22,30,21,Handover,Completed,0.7
PRJ_220,Construction Project 220,Infrastructure,2023-01-16,2023-02-15,2023-03-08,2023-01-22,30,51,Handover,Completed,1.7
PRJ_221,Construction Project 221,Institutional,2023-01-16,2023-02-15,2023-01-31,2023-01-22,30,15,Handover,Completed,0.5
PRJ_222,Construction Project 222,Institutional,2023-01-16,2023-02-15,2023-02-19,2023-01-22,30,34,Handover,Completed,1.1333333333333333
PRJ_223,Construction Project 223,Institutional,2023-01-16,2023-02-15,2023-03-17,2023-01-22,30,60,Handover,Completed,2.0
PRJ_224,Construction Project 224,Industrial,2023-01-16,2023-02-15,2023-02-14,2023-01-22,30,29,Handover,Completed,0.9666666666666667
PRJ_225,Construction Project 225,Infrastructure,2023-01-16,2023-02-15,2023-03-11,2023-01-22,30,54,Handover,Completed,1.8
PRJ_226,Construction Project 226,Institutional,2023-01-16,2023-02-15,2023-01-31,2023-01-22,30,15,Handover,Completed,0.5
PRJ_227,Construction Project 227,Industrial,2023-01-16,2023-02-15,2023-01-31,2023-01-22,30,15,Handover,Completed,0.5
PRJ_228,Construction Project 228,Infrastructure,2023-01-16,2023-02-15,2023-04-16,2023-01-22,30,90,Handover,Completed,3.0
PRJ_229,Construction Project 229,Infrastructure,2023-01-16,2023-02-15,2023-01-31,2023-01-22,30,15,Handover,Completed,0.5
PRJ_230,Construction Project 230,Institutional,2023-01-16,2023-02-15,2023-01-31,2023-01-22,30,15,Handover,Completed,0.5
PRJ_231,Construction Project 231,Infrastructure,2023-01-16,2023-02-15,2023-02-09,2023-01-22,30,24,Handover,Completed,0.8
PRJ_232,Construction Project 232,Infrastructure,2023-01-17,2023-02-16,2023-03-31,2023-01-22,30,73,Handover,Completed,2.4333333333333336
PRJ_233,Construction Project 233,Commercial,2023-01-17,2023-02-16,2023-02-01,2023-01-22,30,15,Handover,Completed,0.5
PRJ_234,Construction Project 234,Commercial,2023-01-17,2023-02-16,2023-03-03,2023-01-22,30,45,Handover,Completed,1.5
PRJ_235,Construction Project 235,Industrial,2023-01-17,2023-02-16,2023-04-20,2023-01-22,30,93,Handover,Completed,3.1
PRJ_236,Construction Project 236,Industrial,2023-01-17,2023-02-16,2023-02-01,2023-01-22,30,15,Handover,Completed,0.5
PRJ_237,Construction Project 237,Commercial,2023-01-17,2023-02-16,2023-03-25,2023-01-22,30,67,Handover,Completed,2.2333333333333334
PRJ_238,Construction Project 238,Residential,2023-01-17,2023-02-16,2023-03-18,2023-01-22,30,60,Handover,Completed,2.0
PRJ_239,Construction Project 239,Commercial,2023-01-17,2023-02-16,2023-03-07,2023-01-22,30,49,Handover,Completed,1.6333333333333333
PRJ_240,Construction Project 240,Residential,2023-01-17,2023-02-16,2023-02-01,2023-01-22,30,15,Handover,Completed,0.5
PRJ_241,Construction Project 241,Institutional,2023-01-17,2023-02-16,2023-04-11,2023-01-22,30,84,Handover,Completed,2.8
PRJ_242,Construction Project 242,Infrastructure,2023-01-17,2023-02-16,2023-05-03,2023-01-22,30,106,Handover,Completed,3.533333333333333
PRJ_243,Construction Project 243,Commercial,2023-01-17,2023-02-16,2023-03-01,2023-01-22,30,43,Handover,Completed,1.4333333333333333
PRJ_244,Construction Project 244,Infrastructure,2023-01-17,2023-02-16,2023-04-12,2023-01-22,30,85,Handover,Completed,2.833333333333333
PRJ_245,Construction Project 245,Commercial,2023-01-17,2023-02-16,2023-02-25,2023-01-22,30,39,Handover,Completed,1.3
PRJ_246,Construction Project 246,Infrastructure,2023-01-18,2023-02-17,2023-02-02,2023-01-22,30,15,Handover,Completed,0.5
PRJ_247,Construction Project 247,Industrial,2023-01-18,2023-02-17,2023-03-11,2023-01-22,30,52,Handover,Completed,1.7333333333333334
PRJ_248,Construction Project 248,Industrial,2023-01-18,2023-02-17,2023-02-23,2023-01-22,30,36,Handover,Completed,1.2
PRJ_249,Construction Project 249,Commercial,2023-01-18,2023-02-17,2023-02-02,2023-01-22,30,15,Handover,Completed,0.5
PRJ_250,Construction Project 250,Commercial,2023-01-18,2023-02-17,2023-03-13,2023-01-22,30,54,Handover,Completed,1.8
PRJ_251,Construction Project 251,Institutional,2023-01-18,2023-02-17,2023-05-13,2023-01-22,30,115,Handover,Completed,3.8333333333333335
PRJ_252,Construction Project 252,Residential,2023-01-18,2023-02-17,2023-03-29,2023-01-22,30,70,Handover,Completed,2.333333333333333
PRJ_253,Construction Project 253,Institutional,2023-01-18,2023-02-17,2023-02-24,2023-01-22,30,37,Handover,Completed,1.2333333333333334
PRJ_254,Construction Project 254,Institutional,2023-01-18,2023-02-17,2023-02-02,2023-01-22,30,15,Handover,Completed,0.5
PRJ_255,Construction Project 255,Institutional,2023-01-18,2023-02-17,2023-02-02,2023-01-22,30,15,Handover,Completed,0.5
PRJ_256,Construction Project 256,Infrastructure,2023-01-18,2023-02-17,2023-02-02,2023-01-22,30,15,Handover,Completed,0.5
PRJ_257,Construction Project 257,Commercial,2023-01-18,2023-02-17,2023-03-04,2023-01-22,30,45,Handover,Completed,1.5
PRJ_258,Construction Project 258,Infrastructure,2023-01-18,2023-02-17,2023-02-02,2023-01-22,30,15,Handover,Completed,0.5
PRJ_259,Construction Project 259,Industrial,2023-01-18,2023-02-17,2023-02-02,2023-01-22,30,15,Handover,Completed,0.5
PRJ_260,Construction Project 260,Commercial,2023-01-18,2023-02-17,2023-02-02,2023-01-22,30,15,Handover,Completed,0.5
PRJ_261,Construction Project 261,Institutional,2023-01-19,2023-02-18,2023-04-16,2023-01-22,30,87,Handover,Completed,2.9
PRJ_262,Construction Project 262,Industrial,2023-01-19,2023-02-18,2023-02-03,2023-01-22,30,15,Handover,Completed,0.5
PRJ_263,Construction Project 263,Residential,2023-01-19,2023-02-18,2023-03-26,2023-01-22,30,66,Handover,Completed,2.2
PRJ_264,Construction Project 264,Residential,2023-01-19,2023-02-18,2023-02-03,2023-01-22,30,15,Handover,Completed,0.5
PRJ_265,Construction Project 265,Industrial,2023-01-19,2023-02-18,2023-03-12,2023-01-22,30,52,Handover,Completed,1.7333333333333334
PRJ_266,Construction Project 266,Residential,2023-01-19,2023-02-18,2023-02-03,2023-01-22,30,15,Handover,Completed,0.5
PRJ_267,Construction Project 267,Infrastructure,2023-01-19,2023-02-18,2023-03-23,2023-01-22,30,63,Handover,Completed,2.1
PRJ_268,Construction Project 268,Industrial,2023-01-19,2023-02-18,2023-02-03,2023-01-22,30,15,Handover,Completed,0.5
PRJ_269,Construction Project 269,Industrial,2023-01-19,2023-02-18,2023-02-03,2023-01-22,30,15,Handover,Completed,0.5
PRJ_270,Construction Project 270,Infrastructure,2023-01-19,2023-02-18,2023-02-03,2023-01-22,30,15,Handover,Completed,0.5
PRJ_271,Construction Project 271,Infrastructure,2023-01-19,2023-02-18,2023-02-03,2023-01-22,30,15,Handover,Completed,0.5
PRJ_272,Construction Project 272,Commercial,2023-01-19,2023-02-18,2023-03-26,2023-01-22,30,66,Handover,Completed,2.2
PRJ_273,Construction Project 273,Institutional,2023-01-19,2023-02-18,2023-03-08,2023-01-22,30,48,Handover,Completed,1.6
PRJ_274,Construction Project 274,Institutional,2023-01-19,2023-02-18,2023-03-20,2023-01-22,30,60,Handover,Completed,2.0
PRJ_275,Construction Project 275,Residential,2023-01-20,2023-02-19,2023-05-03,2023-01-22,30,103,Handover,Completed,3.433333333333333
PRJ_276,Construction Project 276,Residential,2023-01-20,2023-02-19,2023-02-25,2023-01-22,30,36,Handover,Completed,1.2
PRJ_277,Construction Project 277,Commercial,2023-01-20,2023-02-19,2023-02-04,2023-01-22,30,15,Handover,Completed,0.5
PRJ_278,Construction Project 278,Infrastructure,2023-01-20,2023-02-19,2023-03-13,2023-01-22,30,52,Handover,Completed,1.7333333333333334
PRJ_279,Construction Project 279,Residential,2023-01-20,2023-02-19,2023-02-04,2023-01-22,30,15,Handover,Completed,0.5
PRJ_280,Construction Project 280,Institutional,2023-01-20,2023-02-19,2023-05-08,2023-01-22,30,108,Handover,Completed,3.6
PRJ_281,Construction Project 281,Commercial,2023-01-20,2023-02-19,2023-04-03,2023-01-22,30,73,Handover,Completed,2.4333333333333336
PRJ_282,Construction Project 282,Residential,2023-01-20,2023-02-19,2023-03-22,2023-01-22,30,61,Handover,Completed,2.033333333333333
PRJ_283,Construction Project 283,Commercial,2023-01-20,2023-02-19,2023-03-09,2023-01-22,30,48,Handover,Completed,1.6
PRJ_284,Construction Project 284,Commercial,2023-01-20,2023-02-19,2023-03-12,2023-01-22,30,51,Handover,Completed,1.7
PRJ_285,Construction Project 285,Industrial,2023-01-20,2023-02-19,2023-02-04,2023-01-22,30,15,Handover,Completed,0.5
PRJ_286,Construction Project 286,Residential,2023-01-20,2023-02-19,2023-02-04,2023-01-22,30,15,Handover,Completed,0.5
PRJ_287,Construction Project 287,Residential,2023-01-20,2023-02-19,2023-04-18,2023-01-22,30,88,Handover,Completed,2.9333333333333336
PRJ_288,Construction Project 288,Industrial,2023-01-20,2023-02-19,2023-05-15,2023-01-22,30,115,Handover,Completed,3.8333333333333335
PRJ_289,Construction Project 289,Residential,2023-01-21,2023-02-20,2023-02-21,2023-01-22,30,31,Handover,Completed,1.0333333333333334
PRJ_290,Construction Project 290,Institutional,2023-01-21,2023-02-20,2023-03-10,2023-01-22,30,48,Handover,Completed,1.6
PRJ_291,Construction Project 291,Institutional,2023-01-21,2023-02-20,2023-02-05,2023-01-22,30,15,Handover,Completed,0.5
PRJ_292,Construction Project 292,Institutional,2023-01-21,2023-02-20,2023-03-22,2023-01-22,30,60,Handover,Completed,2.0
PRJ_293,Construction Project 293,Residential,2023-01-21,2023-02-20,2023-02-14,2023-01-22,30,24,Handover,Completed,0.8
PRJ_294,Construction Project 294,Institutional,2023-01-21,2023-02-20,2023-03-02,2023-01-22,30,40,Handover,Completed,1.3333333333333333
PRJ_295,Construction Project 295,Infrastructure,2023-01-21,2023-02-20,2023-02-05,2023-01-22,30,15,Handover,Completed,0.5
PRJ_296,Construction Project 296,Residential,2023-01-21,2023-02-20,2023-03-29,2023-01-22,30,67,Handover,Completed,2.2333333333333334
PRJ_297,Construction Project 297,Institutional,2023-01-21,2023-02-20,2023-02-05,2023-01-22,30,15,Handover,Completed,0.5
PRJ_298,Construction Project 298,Institutional,2023-01-21,2023-02-20,2023-03-07,2023-01-22,30,45,Handover,Completed,1.5
PRJ_299,Construction Project 299,Infrastructure,2023-01-21,2023-02-20,2023-02-05,2023-01-22,30,15,Handover,Completed,0.5
PRJ_300,Construction Project 300,Commercial,2023-01-21,2023-02-20,2023-05-16,2023-01-22,30,115,Handover,Completed,3.8333333333333335
PRJ_301,Construction Project 301,Infrastructure,2023-01-21,2023-02-20,2023-02-08,2023-01-22,30,18,Handover,Completed,0.6
PRJ_302,Construction Project 302,Commercial,2023-01-21,2023-02-20,2023-05-16,2023-01-22,30,115,Handover,Completed,3.8333333333333335
PRJ_303,Construction Project 303,Infrastructure,2023-01-21,2023-02-20,2023-02-05,2023-01-22,30,15,Handover,Completed,0.5
PRJ_304,Construction Project 304,Infrastructure,2023-01-22,2023-02-21,2023-02-06,2023-01-22,30,15,Handover,Completed,0.5
PRJ_305,Construction Project 305,Institutional,2023-01-22,2023-02-21,2023-04-13,2023-01-22,30,81,Handover,Completed,2.7
PRJ_306,Construction Project 306,Commercial,2023-01-22,2023-02-21,2023-02-06,2023-01-22,30,15,Handover,Completed,0.5
PRJ_307,Construction Project 307,Institutional,2023-01-22,2023-02-21,2023-02-06,2023-01-22,30,15,Handover,Completed,0.5
PRJ_308,Construction Project 308,Commercial,2023-01-22,2023-02-21,2023-03-05,2023-01-22,30,42,Handover,Completed,1.4
PRJ_309,Construction Project 309,Industrial,2023-01-22,2023-02-21,2023-05-17,2023-01-22,30,115,Handover,Completed,3.8333333333333335
PRJ_310,Construction Project 310,Industrial,2023-01-22,2023-02-21,2023-02-06,2023-01-22,30,15,Handover,Completed,0.5
PRJ_311,Construction Project 311,Industrial,2023-01-22,2023-02-21,2023-04-25,2023-01-22,30,93,Handover,Completed,3.1
PRJ_312,Construction Project 312,Infrastructure,2023-01-22,2023-02-21,2023-02-06,2023-01-22,30,15,Handover,Completed,0.5
PRJ_313,Construction Project 313,Industrial,2023-01-22,2023-02-21,2023-02-06,2023-01-22,30,15,Handover,Completed,0.5
PRJ_314,Construction Project 314,Commercial,2023-01-22,2023-02-21,2023-02-06,2023-01-22,30,15,Handover,Completed,0.5
PRJ_315,Construction Project 315,Institutional,2023-01-22,2023-02-21,2023-02-06,2023-01-22,30,15,Handover,Completed,0.5
PRJ_316,Construction Project 316,Residential,2023-01-22,2023-02-21,2023-04-10,2023-01-22,30,78,Handover,Completed,2.6
PRJ_317,Construction Project 317,Institutional,2023-01-22,2023-02-21,2023-02-06,2023-01-22,30,15,Handover,Completed,0.5
PRJ_318,Construction Project 318,Residential,2023-01-23,2023-02-22,2023-04-06,2023-01-22,30,73,Handover,Completed,2.4333333333333336
PRJ_319,Construction Project 319,Institutional,2023-01-23,2023-02-22,2023-03-01,2023-01-22,30,37,Handover,Completed,1.2333333333333334
PRJ_320,Construction Project 320,Industrial,2023-01-23,2023-02-22,2023-04-26,2023-01-22,30,93,Handover,Completed,3.1
PRJ_321,Construction Project 321,Commercial,2023-01-23,2023-02-22,2023-02-07,2023-01-22,30,15,Handover,Completed,0.5
PRJ_322,Construction Project 322,Institutional,2023-01-23,2023-02-22,2023-02-23,2023-01-22,30,31,Handover,Completed,1.0333333333333334
PRJ_323,Construction Project 323,Institutional,2023-01-23,2023-02-22,2023-04-23,2023-01-22,30,90,Handover,Completed,3.0
PRJ_324,Construction Project 324,Institutional,2023-01-23,2023-02-22,2023-02-07,2023-01-22,30,15,Handover,Completed,0.5
PRJ_325,Construction Project 325,Infrastructure,2023-01-23,2023-02-22,2023-02-07,2023-01-22,30,15,Handover,Completed,0.5
PRJ_326,Construction Project 326,Commercial,2023-01-23,2023-02-22,2023-02-26,2023-01-22,30,34,Handover,Completed,1.1333333333333333
PRJ_327,Construction Project 327,Residential,2023-01-23,2023-02-22,2023-02-07,2023-01-22,30,15,Handover,Completed,0.5
PRJ_328,Construction Project 328,Industrial,2023-01-23,2023-02-22,2023-02-07,2023-01-22,30,15,Handover,Completed,0.5
PRJ_329,Construction Project 329,Institutional,2023-01-23,2023-02-22,2023-04-30,2023-01-22,30,97,Handover,Completed,3.2333333333333334
PRJ_330,Construction Project 330,Infrastructure,2023-01-23,2023-02-22,2023-05-18,2023-01-22,30,115,Handover,Completed,3.8333333333333335
PRJ_331,Construction Project 331,Infrastructure,2023-01-23,2023-02-22,2023-04-15,2023-01-22,30,82,Handover,Completed,2.7333333333333334
PRJ_332,Construction Project 332,Commercial,2023-01-23,2023-02-22,2023-03-12,2023-01-22,30,48,Handover,Completed,1.6
PRJ_333,Construction Project 333,Commercial,2023-01-24,2023-02-23,2023-03-10,2023-01-22,30,45,Handover,Completed,1.5
PRJ_334,Construction Project 334,Residential,2023-01-24,2023-02-23,2023-05-19,2023-01-22,30,115,Handover,Completed,3.8333333333333335
PRJ_335,Construction Project 335,Institutional,2023-01-24,2023-02-23,2023-02-08,2023-01-22,30,15,Handover,Completed,0.5
PRJ_336,Construction Project 336,Residential,2023-01-24,2023-02-23,2023-02-08,2023-01-22,30,15,Handover,Completed,0.5
PRJ_337,Construction Project 337,Commercial,2023-01-24,2023-02-23,2023-02-08,2023-01-22,30,15,Handover,Completed,0.5
PRJ_338,Construction Project 338,Infrastructure,2023-01-24,2023-02-23,2023-02-08,2023-01-22,30,15,Handover,Completed,0.5
PRJ_339,Construction Project 339,Industrial,2023-01-24,2023-02-23,2023-04-18,2023-01-22,30,84,Handover,Completed,2.8
PRJ_340,Construction Project 340,Residential,2023-01-24,2023-02-23,2023-05-19,2023-01-22,30,115,Handover,Completed,3.8333333333333335
PRJ_341,Construction Project 341,Commercial,2023-01-24,2023-02-23,2023-02-08,2023-01-22,30,15,Handover,Completed,0.5
PRJ_342,Construction Project 342,Infrastructure,2023-01-24,2023-02-23,2023-03-13,2023-01-22,30,48,Handover,Completed,1.6
PRJ_343,Construction Project 343,Institutional,2023-01-24,2023-02-23,2023-02-26,2023-01-22,30,33,Handover,Completed,1.1
PRJ_344,Construction Project 344,Infrastructure,2023-01-24,2023-02-23,2023-02-08,2023-01-22,30,15,Handover,Completed,0.5
PRJ_345,Construction Project 345,Infrastructure,2023-01-24,2023-02-23,2023-05-19,2023-01-22,30,115,Handover,Completed,3.8333333333333335
PRJ_346,Construction Project 346,Infrastructure,2023-01-24,2023-02-23,2023-02-08,2023-01-22,30,15,Handover,Completed,0.5
PRJ_347,Construction Project 347,Commercial,2023-01-25,2023-02-24,2023-02-09,2023-01-22,30,15,Handover,Completed,0.5
PRJ_348,Construction Project 348,Institutional,2023-01-25,2023-02-24,2023-05-20,2023-01-22,30,115,Handover,Completed,3.8333333333333335
PRJ_349,Construction Project 349,Industrial,2023-01-25,2023-02-24,2023-02-09,2023-01-22,30,15,Handover,Completed,0.5
PRJ_350,Construction Project 350,Institutional,2023-01-25,2023-02-24,2023-03-05,2023-01-22,30,39,Handover,Completed,1.3
PRJ_351,Construction Project 351,Infrastructure,2023-01-25,2023-02-24,2023-04-19,2023-01-22,30,84,Handover,Completed,2.8
PRJ_352,Construction Project 352,Infrastructure,2023-01-25,2023-02-24,2023-02-09,2023-01-22,30,15,Handover,Completed,0.5
PRJ_353,Construction Project 353,Industrial,2023-01-25,2023-02-24,2023-05-14,2023-01-22,30,109,Handover,Completed,3.6333333333333333
PRJ_354,Construction Project 354,Residential,2023-01-25,2023-02-24,2023-02-25,2023-01-22,30,31,Handover,Completed,1.0333333333333334
PRJ_355,Construction Project 355,Commercial,2023-01-25,2023-02-24,2023-04-14,2023-01-22,30,79,Handover,Completed,2.6333333333333333
PRJ_356,Construction Project 356,Commercial,2023-01-25,2023-02-24,2023-05-20,2023-01-22,30,115,Handover,Completed,3.8333333333333335
PRJ_357,Construction Project 357,Residential,2023-01-25,2023-02-24,2023-04-02,2023-01-22,30,67,Handover,Completed,2.2333333333333334
PRJ_358,Construction Project 358,Institutional,2023-01-25,2023-02-24,2023-02-09,2023-01-22,30,15,Handover,Completed,0.5
PRJ_359,Construction Project 359,Institutional,2023-01-25,2023-02-24,2023-02-09,2023-01-22,30,15,Handover,Completed,0.5
PRJ_360,Construction Project 360,Infrastructure,2023-01-25,2023-02-24,2023-02-09,2023-01-22,30,15,Handover,Completed,0.5
PRJ_361,Construction Project 361,Commercial,2023-01-26,2023-02-25,2023-02-10,2023-01-22,30,15,Handover,Completed,0.5
PRJ_362,Construction Project 362,Infrastructure,2023-01-26,2023-02-25,2023-03-04,2023-01-22,30,37,Handover,Completed,1.2333333333333334
PRJ_363,Construction Project 363,Residential,2023-01-26,2023-02-25,2023-03-24,2023-01-22,30,57,Handover,Completed,1.9
PRJ_364,Construction Project 364,Industrial,2023-01-26,2023-02-25,2023-02-13,2023-01-22,30,18,Handover,Completed,0.6
PRJ_365,Construction Project 365,Infrastructure,2023-01-26,2023-02-25,2023-03-28,2023-01-22,30,61,Handover,Completed,2.033333333333333
PRJ_366,Construction Project 366,Commercial,2023-01-26,2023-02-25,2023-02-10,2023-01-22,30,15,Handover,Completed,0.5
PRJ_367,Construction Project 367,Industrial,2023-01-26,2023-02-25,2023-02-10,2023-01-22,30,15,Handover,Completed,0.5
PRJ_368,Construction Project 368,Infrastructure,2023-01-26,2023-02-25,2023-02-10,2023-01-22,30,15,Handover,Completed,0.5
PRJ_369,Construction Project 369,Infrastructure,2023-01-26,2023-02-25,2023-04-03,2023-01-22,30,67,Handover,Completed,2.2333333333333334
PRJ_370,Construction Project 370,Institutional,2023-01-26,2023-02-25,2023-02-13,2023-01-22,30,18,Handover,Completed,0.6
PRJ_371,Construction Project 371,Infrastructure,2023-01-26,2023-02-25,2023-05-21,2023-01-22,30,115,Handover,Completed,3.8333333333333335
PRJ_372,Construction Project 372,Infrastructure,2023-01-26,2023-02-25,2023-05-21,2023-01-22,30,115,Handover,Completed,3.8333333333333335
PRJ_373,Construction Project 373,Infrastructure,2023-01-26,2023-02-25,2023-03-19,2023-01-22,30,52,Handover,Completed,1.7333333333333334
PRJ_374,Construction Project 374,Residential,2023-01-26,2023-02-25,2023-02-10,2023-01-22,30,15,Handover,Completed,0.5
PRJ_375,Construction Project 375,Institutional,2023-01-26,2023-02-25,2023-02-10,2023-01-22,30,15,Handover,Completed,0.5
PRJ_376,Construction Project 376,Residential,2023-01-27,2023-02-26,2023-02-17,2023-01-22,30,21,Handover,Completed,0.7
PRJ_377,Construction Project 377,Infrastructure,2023-01-27,2023-02-26,2023-03-28,2023-01-22,30,60,Handover,Completed,2.0
PRJ_378,Construction Project 378,Industrial,2023-01-27,2023-02-26,2023-03-19,2023-01-22,30,51,Handover,Completed,1.7
PRJ_379,Construction Project 379,Infrastructure,2023-01-27,2023-02-26,2023-04-06,2023-01-22,30,69,Handover,Completed,2.3
PRJ_380,Construction Project 380,Commercial,2023-01-27,2023-02-26,2023-03-08,2023-01-22,30,40,Handover,Completed,1.3333333333333333
PRJ_381,Construction Project 381,Residential,2023-01-27,2023-02-26,2023-03-02,2023-01-22,30,34,Handover,Completed,1.1333333333333333
PRJ_382,Construction Project 382,Infrastructure,2023-01-27,2023-02-26,2023-02-11,2023-01-22,30,15,Handover,Completed,0.5
PRJ_383,Construction Project 383,Commercial,2023-01-27,2023-02-26,2023-05-12,2023-01-22,30,105,Handover,Completed,3.5
PRJ_384,Construction Project 384,Commercial,2023-01-27,2023-02-26,2023-02-11,2023-01-22,30,15,Handover,Completed,0.5
PRJ_385,Construction Project 385,Institutional,2023-01-27,2023-02-26,2023-05-04,2023-01-22,30,97,Handover,Completed,3.2333333333333334
PRJ_386,Construction Project 386,Industrial,2023-01-27,2023-02-26,2023-04-16,2023-01-22,30,79,Handover,Completed,2.6333333333333333
PRJ_387,Construction Project 387,Industrial,2023-01-27,2023-02-26,2023-02-11,2023-01-22,30,15,Handover,Completed,0.5
PRJ_388,Construction Project 388,Residential,2023-01-27,2023-02-26,2023-04-22,2023-01-22,30,85,Handover,Completed,2.833333333333333
PRJ_389,Construction Project 389,Institutional,2023-01-27,2023-02-26,2023-03-01,2023-01-22,30,33,Handover,Completed,1.1
PRJ_390,Construction Project 390,Commercial,2023-01-28,2023-02-27,2023-02-12,2023-01-22,30,15,Handover,Completed,0.5
PRJ_391,Construction Project 391,Infrastructure,2023-01-28,2023-02-27,2023-02-17,2023-01-22,30,20,Handover,Completed,0.6666666666666667
PRJ_392,Construction Project 392,Residential,2023-01-28,2023-02-27,2023-03-06,2023-01-22,30,37,Handover,Completed,1.2333333333333334
PRJ_393,Construction Project 393,Infrastructure,2023-01-28,2023-02-27,2023-02-12,2023-01-22,30,15,Handover,Completed,0.5
PRJ_394,Construction Project 394,Residential,2023-01-28,2023-02-27,2023-02-12,2023-01-22,30,15,Handover,Completed,0.5
PRJ_395,Construction Project 395,Residential,2023-01-28,2023-02-27,2023-02-12,2023-01-22,30,15,Handover,Completed,0.5
PRJ_396,Construction Project 396,Residential,2023-01-28,2023-02-27,2023-05-23,2023-01-22,30,115,Handover,Completed,3.8333333333333335
PRJ_397,Construction Project 397,Commercial,2023-01-28,2023-02-27,2023-02-12,2023-01-22,30,15,Handover,Completed,0.5
PRJ_398,Construction Project 398,Institutional,2023-01-28,2023-02-27,2023-05-02,2023-01-22,30,94,Handover,Completed,3.1333333333333333
PRJ_399,Construction Project 399,Institutional,2023-01-28,2023-02-27,2023-02-12,2023-01-22,30,15,Handover,Completed,0.5
PRJ_400,Construction Project 400,Institutional,2023-01-28,2023-02-27,2023-02-12,2023-01-22,30,15,Handover,Completed,0.5
PRJ_401,Construction Project 401,Residential,2023-01-28,2023-02-27,2023-02-12,2023-01-22,30,15,Handover,Completed,0.5
PRJ_402,Construction Project 402,Commercial,2023-01-28,2023-02-27,2023-02-12,2023-01-22,30,15,Handover,Completed,0.5
PRJ_403,Construction Project 403,Infrastructure,2023-01-28,2023-02-27,2023-04-13,2023-01-22,30,75,Handover,Completed,2.5
PRJ_404,Construction Project 404,Industrial,2023-01-28,2023-02-27,2023-02-12,2023-01-22,30,15,Handover,Completed,0.5
PRJ_405,Construction Project 405,Residential,2023-01-29,2023-02-28,2023-02-13,2023-01-22,30,15,Handover,Completed,0.5
PRJ_406,Construction Project 406,Commercial,2023-01-29,2023-02-28,2023-02-13,2023-01-22,30,15,Handover,Completed,0.5
PRJ_407,Construction Project 407,Residential,2023-01-29,2023-02-28,2023-03-30,2023-01-22,30,60,Handover,Completed,2.0
PRJ_408,Construction Project 408,Residential,2023-01-29,2023-02-28,2023-03-24,2023-01-22,30,54,Handover,Completed,1.8
PRJ_409,Construction Project 409,Infrastructure,2023-01-29,2023-02-28,2023-05-02,2023-01-22,30,93,Handover,Completed,3.1
PRJ_410,Construction Project 410,Residential,2023-01-29,2023-02-28,2023-05-24,2023-01-22,30,115,Handover,Completed,3.8333333333333335
PRJ_411,Construction Project 411,Institutional,2023-01-29,2023-02-28,2023-02-13,2023-01-22,30,15,Handover,Completed,0.5
PRJ_412,Construction Project 412,Commercial,2023-01-29,2023-02-28,2023-04-27,2023-01-22,30,88,Handover,Completed,2.9333333333333336
PRJ_413,Construction Project 413,Commercial,2023-01-29,2023-02-28,2023-05-06,2023-01-22,30,97,Handover,Completed,3.2333333333333334
PRJ_414,Construction Project 414,Institutional,2023-01-29,2023-02-28,2023-05-02,2023-01-22,30,93,Handover,Completed,3.1
PRJ_415,Construction Project 415,Residential,2023-01-29,2023-02-28,2023-02-13,2023-01-22,30,15,Handover,Completed,0.5
PRJ_416,Construction Project 416,Industrial,2023-01-29,2023-02-28,2023-03-22,2023-01-22,30,52,Handover,Completed,1.7333333333333334
PRJ_417,Construction Project 417,Infrastructure,2023-01-29,2023-02-28,2023-02-21,2023-01-22,30,23,Handover,Completed,0.7666666666666666
PRJ_418,Construction Project 418,Industrial,2023-01-29,2023-02-28,2023-05-21,2023-01-22,30,112,Handover,Completed,3.7333333333333334
PRJ_419,Construction Project 419,Infrastructure,2023-01-30,2023-03-01,2023-03-20,2023-01-22,30,49,Handover,Completed,1.6333333333333333
PRJ_420,Construction Project 420,Infrastructure,2023-01-30,2023-03-01,2023-02-14,2023-01-22,30,15,Handover,Completed,0.5
PRJ_421,Construction Project 421,Residential,2023-01-30,2023-03-01,2023-02-22,2023-01-22,30,23,Handover,Completed,0.7666666666666666
PRJ_422,Construction Project 422,Commercial,2023-01-30,2023-03-01,2023-05-07,2023-01-22,30,97,Handover,Completed,3.2333333333333334
PRJ_423,Construction Project 423,Infrastructure,2023-01-30,2023-03-01,2023-03-23,2023-01-22,30,52,Handover,Completed,1.7333333333333334
PRJ_424,Construction Project 424,Institutional,2023-01-30,2023-03-01,2023-05-25,2023-01-22,30,115,Handover,Completed,3.8333333333333335
PRJ_425,Construction Project 425,Infrastructure,2023-01-30,2023-03-01,2023-02-14,2023-01-22,30,15,Handover,Completed,0.5
PRJ_426,Construction Project 426,Commercial,2023-01-30,2023-03-01,2023-02-22,2023-01-22,30,23,Handover,Completed,0.7666666666666666
PRJ_427,Construction Project 427,Industrial,2023-01-30,2023-03-01,2023-02-26,2023-01-22,30,27,Handover,Completed,0.9
PRJ_428,Construction Project 428,Institutional,2023-01-30,2023-03-01,2023-02-14,2023-01-22,30,15,Handover,Completed,0.5
PRJ_429,Construction Project 429,Infrastructure,2023-01-30,2023-03-01,2023-05-25,2023-01-22,30,115,Handover,Completed,3.8333333333333335
PRJ_430,Construction Project 430,Infrastructure,2023-01-30,2023-03-01,2023-02-14,2023-01-22,30,15,Handover,Completed,0.5
PRJ_431,Construction Project 431,Institutional,2023-01-30,2023-03-01,2023-02-25,2023-01-22,30,26,Handover,Completed,0.8666666666666667
PRJ_432,Construction Project 432,Infrastructure,2023-01-30,2023-03-01,2023-02-26,2023-01-22,30,27,Handover,Completed,0.9
PRJ_433,Construction Project 433,Infrastructure,2023-01-31,2023-03-02,2023-04-10,2023-01-22,30,69,Handover,Completed,2.3
PRJ_434,Construction Project 434,Commercial,2023-01-31,2023-03-02,2023-02-15,2023-01-22,30,15,Handover,Completed,0.5
PRJ_435,Construction Project 435,Institutional,2023-01-31,2023-03-02,2023-05-14,2023-01-22,30,103,Handover,Completed,3.433333333333333
PRJ_436,Construction Project 436,Infrastructure,2023-01-31,2023-03-02,2023-03-01,2023-01-22,30,29,Handover,Completed,0.9666666666666667
PRJ_437,Construction Project 437,Commercial,2023-01-31,2023-03-02,2023-03-26,2023-01-22,30,54,Handover,Completed,1.8
PRJ_438,Construction Project 438,Infrastructure,2023-01-31,2023-03-02,2023-03-05,2023-01-22,30,33,Handover,Completed,1.1
PRJ_439,Construction Project 439,Infrastructure,2023-01-31,2023-03-02,2023-05-26,2023-01-22,30,115,Handover,Completed,3.8333333333333335
PRJ_440,Construction Project 440,Industrial,2023-01-31,2023-03-02,2023-02-20,2023-01-22,30,20,Handover,Completed,0.6666666666666667
PRJ_441,Construction Project 441,Infrastructure,2023-01-31,2023-03-02,2023-03-18,2023-01-22,30,46,Handover,Completed,1.5333333333333332
PRJ_442,Construction Project 442,Institutional,2023-01-31,2023-03-02,2023-02-15,2023-01-22,30,15,Handover,Completed,0.5
PRJ_443,Construction Project 443,Residential,2023-01-31,2023-03-02,2023-02-24,2023-01-22,30,24,Handover,Completed,0.8
PRJ_444,Construction Project 444,Industrial,2023-01-31,2023-03-02,2023-04-14,2023-01-22,30,73,Handover,Completed,2.4333333333333336
PRJ_445,Construction Project 445,Industrial,2023-01-31,2023-03-02,2023-02-15,2023-01-22,30,15,Handover,Completed,0.5
PRJ_446,Construction Project 446,Residential,2023-01-31,2023-03-02,2023-02-15,2023-01-22,30,15,Handover,Completed,0.5
PRJ_447,Construction Project 447,Infrastructure,2023-01-31,2023-03-02,2023-02-15,2023-01-22,30,15,Handover,Completed,0.5
PRJ_448,Construction Project 448,Residential,2023-02-01,2023-03-03,2023-03-15,2023-01-22,30,42,Handover,Completed,1.4
PRJ_449,Construction Project 449,Commercial,2023-02-01,2023-03-03,2023-03-19,2023-01-22,30,46,Handover,Completed,1.5333333333333332
PRJ_450,Construction Project 450,Industrial,2023-02-01,2023-03-03,2023-02-22,2023-01-22,30,21,Handover,Completed,0.7
PRJ_451,Construction Project 451,Commercial,2023-02-01,2023-03-03,2023-02-22,2023-01-22,30,21,Handover,Completed,0.7
PRJ_452,Construction Project 452,Industrial,2023-02-01,2023-03-03,2023-03-02,2023-01-22,30,29,Handover,Completed,0.9666666666666667
PRJ_453,Construction Project 453,Infrastructure,2023-02-01,2023-03-03,2023-02-18,2023-01-22,30,17,Handover,Completed,0.5666666666666667
PRJ_454,Construction Project 454,Residential,2023-02-01,2023-03-03,2023-05-11,2023-01-22,30,99,Handover,Completed,3.3
PRJ_455,Construction Project 455,Residential,2023-02-01,2023-03-03,2023-02-16,2023-01-22,30,15,Handover,Completed,0.5
PRJ_456,Construction Project 456,Institutional,2023-02-01,2023-03-03,2023-02-16,2023-01-22,30,15,Handover,Completed,0.5
PRJ_457,Construction Project 457,Residential,2023-02-01,2023-03-03,2023-02-16,2023-01-22,30,15,Handover,Completed,0.5
PRJ_458,Construction Project 458,Institutional,2023-02-01,2023-03-03,2023-04-20,2023-01-22,30,78,Handover,Completed,2.6
PRJ_459,Construction Project 459,Institutional,2023-02-01,2023-03-03,2023-02-16,2023-01-22,30,15,Handover,Completed,0.5
PRJ_460,Construction Project 460,Industrial,2023-02-01,2023-03-03,2023-03-27,2023-01-22,30,54,Handover,Completed,1.8
PRJ_461,Construction Project 461,Industrial,2023-02-01,2023-03-03,2023-03-15,2023-01-22,30,42,Handover,Completed,1.4
PRJ_462,Construction Project 462,Industrial,2023-02-02,2023-03-04,2023-03-10,2023-01-22,30,36,Handover,Completed,1.2
PRJ_463,Construction Project 463,Institutional,2023-02-02,2023-03-04,2023-03-25,2023-01-22,30,51,Handover,Completed,1.7
PRJ_464,Construction Project 464,Industrial,2023-02-02,2023-03-04,2023-05-28,2023-01-22,30,115,Handover,Completed,3.8333333333333335
PRJ_465,Construction Project 465,Infrastructure,2023-02-02,2023-03-04,2023-02-23,2023-01-22,30,21,Handover,Completed,0.7
PRJ_466,Construction Project 466,Commercial,2023-02-02,2023-03-04,2023-03-17,2023-01-22,30,43,Handover,Completed,1.4333333333333333
PRJ_467,Construction Project 467,Residential,2023-02-02,2023-03-04,2023-02-17,2023-01-22,30,15,Handover,Completed,0.5
PRJ_468,Construction Project 468,Institutional,2023-02-02,2023-03-04,2023-02-17,2023-01-22,30,15,Handover,Completed,0.5
PRJ_469,Construction Project 469,Commercial,2023-02-02,2023-03-04,2023-02-17,2023-01-22,30,15,Handover,Completed,0.5
PRJ_470,Construction Project 470,Infrastructure,2023-02-02,2023-03-04,2023-03-23,2023-01-22,30,49,Handover,Completed,1.6333333333333333
PRJ_471,Construction Project 471,Commercial,2023-02-02,2023-03-04,2023-02-17,2023-01-22,30,15,Handover,Completed,0.5
PRJ_472,Construction Project 472,Institutional,2023-02-02,2023-03-04,2023-04-27,2023-01-22,30,84,Handover,Completed,2.8
PRJ_473,Construction Project 473,Institutional,2023-02-02,2023-03-04,2023-05-24,2023-01-22,30,111,Handover,Completed,3.7
PRJ_474,Construction Project 474,Institutional,2023-02-02,2023-03-04,2023-03-25,2023-01-22,30,51,Handover,Completed,1.7
PRJ_475,Construction Project 475,Institutional,2023-02-02,2023-03-04,2023-02-17,2023-01-22,30,15,Handover,Completed,0.5
PRJ_476,Construction Project 476,Residential,2023-02-02,2023-03-04,2023-02-17,2023-01-22,30,15,Handover,Completed,0.5
PRJ_477,Construction Project 477,Industrial,2023-02-03,2023-03-05,2023-05-11,2023-01-22,30,97,Handover,Completed,3.2333333333333334
PRJ_478,Construction Project 478,Institutional,2023-02-03,2023-03-05,2023-02-18,2023-01-22,30,15,Handover,Completed,0.5
PRJ_479,Construction Project 479,Institutional,2023-02-03,2023-03-05,2023-04-01,2023-01-22,30,57,Handover,Completed,1.9
PRJ_480,Construction Project 480,Residential,2023-02-03,2023-03-05,2023-02-18,2023-01-22,30,15,Handover,Completed,0.5
PRJ_481,Construction Project 481,Industrial,2023-02-03,2023-03-05,2023-02-18,2023-01-22,30,15,Handover,Completed,0.5
PRJ_482,Construction Project 482,Infrastructure,2023-02-03,2023-03-05,2023-03-24,2023-01-22,30,49,Handover,Completed,1.6333333333333333
PRJ_483,Construction Project 483,Commercial,2023-02-03,2023-03-05,2023-02-18,2023-01-22,30,15,Handover,Completed,0.5
PRJ_484,Construction Project 484,Industrial,2023-02-03,2023-03-05,2023-03-09,2023-01-22,30,34,Handover,Completed,1.1333333333333333
PRJ_485,Construction Project 485,Residential,2023-02-03,2023-03-05,2023-04-11,2023-01-22,30,67,Handover,Completed,2.2333333333333334
PRJ_486,Construction Project 486,Commercial,2023-02-03,2023-03-05,2023-02-18,2023-01-22,30,15,Handover,Completed,0.5
PRJ_487,Construction Project 487,Institutional,2023-02-03,2023-03-05,2023-03-14,2023-01-22,30,39,Handover,Completed,1.3
PRJ_488,Construction Project 488,Commercial,2023-02-03,2023-03-05,2023-03-04,2023-01-22,30,29,Handover,Completed,0.9666666666666667
PRJ_489,Construction Project 489,Infrastructure,2023-02-03,2023-03-05,2023-02-18,2023-01-22,30,15,Handover,Completed,0.5
PRJ_490,Construction Project 490,Institutional,2023-02-03,2023-03-05,2023-02-18,2023-01-22,30,15,Handover,Completed,0.5
PRJ_491,Construction Project 491,Commercial,2023-02-04,2023-03-06,2023-04-30,2023-01-22,30,85,Handover,Completed,2.833333333333333
PRJ_492,Construction Project 492,Commercial,2023-02-04,2023-03-06,2023-03-13,2023-01-22,30,37,Handover,Completed,1.2333333333333334
PRJ_493,Construction Project 493,Industrial,2023-02-04,2023-03-06,2023-04-27,2023-01-22,30,82,Handover,Completed,2.7333333333333334
PRJ_494,Construction Project 494,Institutional,2023-02-04,2023-03-06,2023-02-19,2023-01-22,30,15,Handover,Completed,0.5
PRJ_495,Construction Project 495,Residential,2023-02-04,2023-03-06,2023-02-19,2023-01-22,30,15,Handover,Completed,0.5
PRJ_496,Construction Project 496,Institutional,2023-02-04,2023-03-06,2023-03-10,2023-01-22,30,34,Handover,Completed,1.1333333333333333
PRJ_497,Construction Project 497,Institutional,2023-02-04,2023-03-06,2023-04-09,2023-01-22,30,64,Handover,Completed,2.1333333333333333
PRJ_498,Construction Project 498,Commercial,2023-02-04,2023-03-06,2023-05-30,2023-01-22,30,115,Handover,Completed,3.8333333333333335
PRJ_499,Construction Project 499,Industrial,2023-02-04,2023-03-06,2023-05-05,2023-01-22,30,90,Handover,Completed,3.0
PRJ_500,Construction Project 500,Institutional,2023-02-04,2023-03-06,2023-02-19,2023-01-22,30,15,Handover,Completed,0.5
